Trading Pair,Price,Market Cap,24h Volume,Cap Size,Total Profit (%),Absolute Profit ($),Market Change (%),Total Trades,Wins,Losses,Draws,Win Rate (%),Max Drawdown (%),Sharpe Ratio,Sortino Ratio,Calmar Ratio,Profit Factor,Expectancy ($),CAGR (%),Avg Hold Time,Final Balance
VOXEL/USDT,0.073205,$17.83M,$30.98M,Micro-Cap,152.85,1528.527,-72.87,45,38,7,0,84.44,3.85,4.295,9.431,423.251,8.326,33.967,562.96,2:32:00,2528.527
KAITO/USDT,1.18,$284.74M,$25.02M,Small-Cap,94.31,943.076,81.18,35,31,4,0,88.57,1.73,6.769,22.848,805.852,20.236,26.945,555.04,0:57:00,1943.076
ACH/USDT,0.0200814,$99.07M,$26.25M,Micro-Cap,70.19,701.855,-25.73,26,23,3,0,88.46,2.43,3.294,5.023,308.227,16.719,26.994,195.72,0:40:00,1701.855
MAGIC/USDT,0.210629,$66.27M,$23.55M,Micro-Cap,69.31,693.066,-68.85,27,25,2,0,92.59,2.83,2.645,6.182,261.263,11.174,25.669,192.61,0:46:00,1693.066
FUN/USDT,0.00946788,$100.35M,$7.88M,Small-Cap,49.78,497.794,109.96,55,46,9,0,83.64,41.93,0.636,0.33,12.671,1.534,9.051,127.91,4:26:00,1497.794
OG/USDT,16.49,$70.94M,$25.57M,Micro-Cap,39.61,396.139,-15.49,16,14,2,0,87.5,1.07,1.766,121.605,394.99,17.331,24.759,97.48,1:06:00,1396.139
FIDA/USDT,0.094543,$93.71M,$13.81M,Micro-Cap,36.99,369.865,-72.17,15,15,0,0,100.0,0.0,2.871,-100.0,-100.0,0.0,24.658,89.98,0:29:00,1369.865
RED/USDT,0.620907,$173.83M,$46.53M,Small-Cap,36.6,366.007,-23.23,27,24,3,0,88.89,24.92,0.544,0.399,23.188,1.604,13.556,156.21,1:35:00,1366.007
FORM/USDT,2.27,$866.26M,$69.40M,Small-Cap,34.45,344.455,62.66,6,5,1,0,83.33,0.46,0.847,-100.0,1395.286,57.419,57.409,188.4,0:46:00,1344.455
REZ/USDT,0.01200326,$31.58M,$7.17M,Micro-Cap,34.19,341.896,-74.61,39,31,8,0,79.49,24.89,0.513,0.299,14.664,1.586,8.767,82.15,3:26:00,1341.896
PIXEL/USDT,0.03350643,$25.83M,$13.49M,Micro-Cap,33.13,331.341,-78.14,14,11,3,0,78.57,2.73,1.233,2.976,129.469,6.254,23.667,79.24,1:04:00,1331.341
THE/USDT,0.347924,$39.91M,$9.75M,Micro-Cap,32.33,323.337,-83.88,18,16,2,0,88.89,2.85,1.807,2.279,120.924,11.384,17.963,77.05,3:46:00,1323.337
D/USDT,0.0358394,$23.07M,$10.15M,Micro-Cap,32.23,322.318,-82.43,17,16,1,0,94.12,2.92,1.987,-100.0,123.461,9.113,18.96,81.55,3:49:00,1322.318
RAY/USDT,3.43,$919.42M,$84.49M,Small-Cap,30.35,303.464,-55.59,16,15,1,0,93.75,1.06,1.927,-100.0,304.888,24.434,18.966,71.67,0:33:00,1303.464
API3/USDT,0.98048,$126.63M,$37.36M,Small-Cap,27.47,274.75,-59.49,22,16,6,0,72.73,4.56,1.105,4.506,64.377,2.932,12.489,64.05,2:22:00,1274.75
BABY/USDT,0.050683,$133.13M,$16.77M,Small-Cap,26.62,266.229,-53.86,14,13,1,0,92.86,2.88,3.165,-100.0,220.459,8.147,19.016,193.57,1:13:00,1266.229
TURBO/USDT,0.00423346,$291.82M,$26.24M,Small-Cap,26.49,264.911,-58.59,23,17,6,0,73.91,4.07,1.287,2.347,69.513,3.745,11.518,61.48,1:01:00,1264.911
INIT/USDT,0.366955,$60.64M,$19.80M,Micro-Cap,24.85,248.506,-27.48,15,12,3,0,80.0,2.85,2.779,9.555,252.254,4.785,16.567,241.25,0:50:00,1248.506
CAKE/USDT,2.55,$879.91M,$45.51M,Small-Cap,23.96,239.592,-9.14,12,11,1,0,91.67,2.77,0.795,-100.0,92.235,9.038,19.966,54.95,6:36:00,1239.592
LISTA/USDT,0.260616,$56.62M,$9.05M,Micro-Cap,23.16,231.626,-43.72,19,14,5,0,73.68,2.94,1.027,2.158,84.031,3.432,12.191,52.93,2:32:00,1231.626
MDT/USDT,0.02600155,$15.78M,$6.11M,Micro-Cap,21.28,212.802,-75.7,14,12,2,0,85.71,2.31,1.21,8.085,98.443,6.064,15.2,48.2,1:00:00,1212.802
MUBARAK/USDT,0.03191473,$31.88M,$11.38M,Micro-Cap,17.84,178.39,-68.72,38,30,8,0,78.95,24.9,0.823,0.452,14.561,1.59,4.694,89.15,1:43:00,1178.39
MEME/USDT,0.00263279,$145.16M,$34.94M,Small-Cap,17.42,174.185,-84.61,8,7,1,0,87.5,1.19,0.876,-100.0,156.265,13.79,21.773,38.74,3:22:00,1174.185
AI/USDT,0.143537,$18.68M,$17.65M,Micro-Cap,17.1,171.013,-79.28,8,7,1,0,87.5,1.86,0.84,-100.0,98.057,9.124,21.377,37.98,0:47:00,1171.013
EPIC/USDT,2.16,$64.77M,$23.08M,Micro-Cap,16.95,169.485,-45.85,6,4,2,0,66.67,2.12,0.521,56.928,141.421,6.378,28.247,69.74,21:27:00,1169.485
XAI/USDT,0.053914,$69.13M,$17.50M,Micro-Cap,16.34,163.401,-76.07,12,10,2,0,83.33,2.51,0.882,2.345,69.602,4.762,13.617,36.15,0:43:00,1163.401
BANANA/USDT,22.81,$91.65M,$25.80M,Micro-Cap,15.24,152.424,-53.0,14,10,4,0,71.43,4.31,0.67,1.565,37.722,2.829,10.887,33.55,2:59:00,1152.424
ENA/USDT,0.750049,$5.17B,$377.34M,Mid-Cap,15.14,151.429,-69.67,7,7,0,0,100.0,0.0,1.795,-100.0,-100.0,0.0,21.633,33.31,0:21:00,1151.429
BNSOL/USDT,259.89,$2.93B,$9.84M,Mid-Cap,14.37,143.651,-16.96,8,8,0,0,100.0,0.0,1.18,-100.0,-100.0,0.0,17.956,31.48,0:26:00,1143.651
SOL/USDT,241.91,$131.22B,$9.36B,Large-Cap,13.66,136.632,-19.79,8,8,0,0,100.0,0.0,1.376,-100.0,-100.0,0.0,17.079,29.84,0:28:00,1136.632
VANA/USDT,4.35,$133.80M,$9.92M,Small-Cap,13.1,130.996,-70.63,18,11,7,0,61.11,5.04,0.554,1.626,27.753,1.893,7.278,28.53,2:54:00,1130.996
CHESS/USDT,0.079812,$16.38M,$11.29M,Micro-Cap,12.55,125.464,-59.82,8,7,1,0,87.5,2.69,0.727,-100.0,49.812,5.523,15.683,27.25,2:09:00,1125.464
ZEN/USDT,7.57,$131.06M,$13.20M,Small-Cap,12.44,124.41,-72.83,5,5,0,0,100.0,0.0,1.139,-100.0,-100.0,0.0,24.882,27.01,0:44:00,1124.41
W/USDT,0.090695,$431.94M,$40.16M,Small-Cap,11.89,118.857,-72.68,5,5,0,0,100.0,0.0,1.094,-100.0,-100.0,0.0,23.771,25.74,0:34:00,1118.857
SAGA/USDT,0.260951,$76.85M,$12.68M,Micro-Cap,11.46,114.638,-83.79,6,6,0,0,100.0,0.0,1.15,-100.0,-100.0,0.0,19.106,24.77,0:28:00,1114.638
YGG/USDT,0.226285,$134.96M,$177.56M,Small-Cap,11.2,111.985,-68.28,4,4,0,0,100.0,0.0,0.868,-100.0,-100.0,0.0,27.996,24.17,0:22:00,1111.985
RSR/USDT,0.00773587,$462.75M,$20.69M,Small-Cap,11.09,110.903,-46.97,5,5,0,0,100.0,0.0,0.997,-100.0,-100.0,0.0,22.181,23.92,0:23:00,1110.903
EIGEN/USDT,1.64,$541.32M,$143.82M,Small-Cap,10.79,107.902,-66.51,11,9,2,0,81.82,2.8,0.534,3.278,41.121,2.945,9.809,23.24,1:06:00,1107.902
DYDX/USDT,0.642673,$502.98M,$9.40M,Small-Cap,9.67,96.656,-62.64,3,3,0,0,100.0,0.0,3.15,-100.0,-100.0,0.0,32.219,20.7,0:15:00,1096.656
KDA/USDT,0.393189,$130.19M,$5.92M,Small-Cap,9.62,96.154,-56.02,4,4,0,0,100.0,0.0,1.312,-100.0,-100.0,0.0,24.038,20.59,0:20:00,1096.154
ONE/USDT,0.01100671,$162.00M,$9.00M,Small-Cap,9.19,91.868,-60.36,4,4,0,0,100.0,0.0,0.705,-100.0,-100.0,0.0,22.967,19.63,0:04:00,1091.868
USUAL/USDT,0.067151,$70.43M,$18.90M,Micro-Cap,9.0,89.959,-92.4,19,11,8,0,57.89,7.98,0.4,0.966,12.031,1.56,4.735,19.2,3:50:00,1089.959
HUMA/USDT,0.0268207,$46.55M,$21.40M,Micro-Cap,8.97,89.689,-46.58,3,3,0,0,100.0,0.0,6.001,-100.0,-100.0,0.0,29.896,151.45,0:25:00,1089.689
MBOX/USDT,0.06897,$34.54M,$28.17M,Micro-Cap,8.76,87.562,-73.35,12,9,3,0,75.0,2.85,0.567,0.826,32.804,2.685,7.297,18.67,1:09:00,1087.562
CYBER/USDT,1.83,$89.27M,$56.09M,Micro-Cap,8.74,87.432,-60.69,3,3,0,0,100.0,0.0,1.168,-100.0,-100.0,0.0,29.144,18.64,0:20:00,1087.432
ETHFI/USDT,1.48,$692.19M,$136.05M,Small-Cap,8.65,86.543,-51.98,13,10,3,0,76.92,3.4,0.5,0.871,27.207,2.402,6.657,18.44,1:37:00,1086.543
BOME/USDT,0.00213725,$147.38M,$34.18M,Small-Cap,8.19,81.921,-74.67,12,10,2,0,83.33,2.96,0.681,0.62,29.507,3.648,6.827,17.42,3:01:00,1081.921
MANTA/USDT,0.217306,$97.32M,$11.03M,Micro-Cap,8.11,81.117,-75.9,3,3,0,0,100.0,0.0,0.662,-100.0,-100.0,0.0,27.039,17.24,0:18:00,1081.117
HAEDAL/USDT,0.151435,$29.53M,$20.83M,Micro-Cap,7.93,79.271,-28.0,7,5,2,0,71.43,2.92,1.444,9.405,133.129,2.401,11.324,104.21,0:50:00,1079.271
SYN/USDT,0.130067,$28.49M,$10.44M,Micro-Cap,7.84,78.428,-84.31,10,7,3,0,70.0,2.7,0.422,0.843,30.967,3.592,7.843,16.64,1:11:00,1078.428
LRC/USDT,0.09581,$119.25M,$14.17M,Small-Cap,7.39,73.917,-59.06,4,4,0,0,100.0,0.0,1.758,-100.0,-100.0,0.0,18.479,15.65,0:24:00,1073.917
ADA/USDT,0.890695,$32.51B,$1.30B,Large-Cap,7.23,72.279,-32.53,2,2,0,0,100.0,0.0,16.063,-100.0,-100.0,0.0,36.139,15.29,0:15:00,1072.279
MTL/USDT,0.748941,$64.51M,$9.41M,Micro-Cap,7.2,71.969,-38.69,3,3,0,0,100.0,0.0,0.447,-100.0,-100.0,0.0,23.99,15.22,0:23:00,1071.969
APE/USDT,0.603154,$482.18M,$39.30M,Small-Cap,6.79,67.899,-48.0,3,3,0,0,100.0,0.0,0.654,-100.0,-100.0,0.0,22.633,14.33,0:33:00,1067.899
FIL/USDT,2.52,$1.73B,$156.81M,Mid-Cap,6.5,65.009,-52.25,2,2,0,0,100.0,0.0,2.081,-100.0,-100.0,0.0,32.504,13.7,0:05:00,1065.009
STRK/USDT,0.131955,$538.03M,$24.92M,Small-Cap,6.43,64.25,-73.91,3,3,0,0,100.0,0.0,1.029,-100.0,-100.0,0.0,21.417,13.54,0:40:00,1064.25
VELODROME/USDT,no data,no data,no data,no data,6.42,64.167,-72.95,4,4,0,0,100.0,0.0,0.559,-100.0,-100.0,0.0,16.042,13.52,0:58:00,1064.167
SUSHI/USDT,0.816785,$157.73M,$28.66M,Small-Cap,6.21,62.104,-53.27,2,2,0,0,100.0,0.0,1.241,-100.0,-100.0,0.0,31.052,13.07,0:08:00,1062.104
GALA/USDT,0.01748522,$804.40M,$70.29M,Small-Cap,6.18,61.801,-56.71,4,4,0,0,100.0,0.0,1.376,-100.0,-100.0,0.0,15.45,13.01,0:35:00,1061.801
1MBABYDOGE/USDT,0.00135878,$0.00,$3.51M,Micro-Cap,6.13,61.339,-61.35,8,7,1,0,87.5,2.49,0.4,-100.0,26.275,3.298,7.667,12.91,1:00:00,1061.339
DOGS/USDT,0.00014006,$72.55M,$19.98M,Micro-Cap,6.09,60.923,-74.26,9,8,1,0,88.89,2.95,0.431,-100.0,22.067,3.014,6.769,12.82,1:13:00,1060.923
SHELL/USDT,0.134802,$36.30M,$12.62M,Micro-Cap,6.03,60.254,-75.03,18,12,6,0,66.67,9.28,0.446,1.548,10.168,1.421,3.347,19.13,1:35:00,1060.254
TIA/USDT,1.77,$1.39B,$65.11M,Mid-Cap,5.73,57.253,-67.04,2,2,0,0,100.0,0.0,0.803,-100.0,-100.0,0.0,28.626,12.02,0:18:00,1057.253
FLOKI/USDT,0.00010153,$980.64M,$82.80M,Small-Cap,5.04,50.398,-56.36,3,3,0,0,100.0,0.0,0.593,-100.0,-100.0,0.0,16.799,10.55,0:42:00,1050.398
AR/USDT,7.29,$478.17M,$28.87M,Small-Cap,5.0,50.0,-66.56,2,2,0,0,100.0,0.0,0.906,-100.0,-100.0,0.0,25.0,10.46,0:25:00,1050.0
VET/USDT,0.0246623,$2.12B,$37.60M,Mid-Cap,4.86,48.566,-50.09,2,2,0,0,100.0,0.0,1.661,-100.0,-100.0,0.0,24.283,10.15,0:15:00,1048.566
NOT/USDT,0.0019181,$190.57M,$18.74M,Small-Cap,4.85,48.53,-70.08,9,7,2,0,77.78,2.57,0.278,1.332,20.133,2.02,5.392,10.15,1:23:00,1048.53
COTI/USDT,0.053107,$124.89M,$19.29M,Small-Cap,4.69,46.933,-54.31,2,2,0,0,100.0,0.0,9.293,-100.0,-100.0,0.0,23.466,9.8,0:22:00,1046.933
CKB/USDT,0.0054448,$257.17M,$17.31M,Small-Cap,4.41,44.08,-68.74,5,2,3,0,40.0,2.19,0.216,0.686,21.443,3.009,8.816,9.19,1:29:00,1044.08
LUNC/USDT,6.02e-05,$331.30M,$10.64M,Small-Cap,4.34,43.427,-47.21,2,2,0,0,100.0,0.0,0.302,-100.0,-100.0,0.0,21.713,9.06,0:22:00,1043.427
ARKM/USDT,0.637044,$304.66M,$101.66M,Small-Cap,4.26,42.564,-65.0,5,3,2,0,60.0,1.73,0.187,1.521,26.276,2.386,8.513,8.87,1:04:00,1042.564
SSV/USDT,9.63,$68.23M,$23.69M,Micro-Cap,4.14,41.402,-69.49,5,4,1,0,80.0,2.91,0.205,-100.0,15.191,2.327,8.28,8.62,16:26:00,1041.402
THETA/USDT,0.841484,$843.67M,$23.69M,Small-Cap,4.11,41.053,-68.13,2,2,0,0,100.0,0.0,0.414,-100.0,-100.0,0.0,20.527,8.55,0:20:00,1041.053
EGLD/USDT,14.57,$417.03M,$51.67M,Small-Cap,4.06,40.644,-58.36,2,2,0,0,100.0,0.0,0.52,-100.0,-100.0,0.0,20.322,8.46,0:28:00,1040.644
HOME/USDT,0.03967774,$108.19M,$21.75M,Small-Cap,4.03,40.284,-29.93,3,3,0,0,100.0,0.0,8.526,-100.0,-100.0,0.0,13.428,133.49,0:50:00,1040.284
DOGE/USDT,0.278619,$42.05B,$5.66B,Large-Cap,4.01,40.146,-46.98,2,2,0,0,100.0,0.0,0.297,-100.0,-100.0,0.0,20.073,8.36,0:48:00,1040.146
HOOK/USDT,0.115411,$33.09M,$12.11M,Micro-Cap,3.94,39.421,-77.78,4,4,0,0,100.0,0.0,0.581,-100.0,-100.0,0.0,9.855,8.2,0:41:00,1039.421
IO/USDT,0.638664,$130.61M,$27.35M,Small-Cap,3.69,36.888,-74.47,3,2,1,0,66.67,0.94,0.232,-100.0,42.06,4.765,12.296,7.67,0:52:00,1036.888
SANTOS/USDT,1.86,$24.89M,$10.18M,Micro-Cap,3.68,36.81,-41.82,2,2,0,0,100.0,0.0,2.617,-100.0,-100.0,0.0,18.405,7.65,0:25:00,1036.81
SYS/USDT,0.04303434,$35.96M,$14.17M,Micro-Cap,3.58,35.838,-67.9,3,3,0,0,100.0,0.0,0.537,-100.0,-100.0,0.0,11.946,7.44,0:45:00,1035.838
SPK/USDT,0.064765,$108.23M,$40.72M,Small-Cap,3.56,35.641,-24.96,3,2,1,0,66.67,1.88,2.562,-100.0,301.724,2.841,11.88,190.14,1:22:00,1035.641
NEAR/USDT,2.71,$3.39B,$135.57M,Mid-Cap,3.53,35.279,-54.14,1,1,0,0,100.0,0.0,-100.0,-100.0,-100.0,0.0,35.279,7.33,0:05:00,1035.279
ICP/USDT,4.86,$2.62B,$49.53M,Mid-Cap,3.48,34.756,-49.02,1,1,0,0,100.0,0.0,-100.0,-100.0,-100.0,0.0,34.756,7.22,0:05:00,1034.756
ROSE/USDT,0.02955057,$219.06M,$19.48M,Small-Cap,3.47,34.678,-67.39,3,3,0,0,100.0,0.0,0.888,-100.0,-100.0,0.0,11.559,7.2,0:30:00,1034.678
MAV/USDT,0.075177,$51.66M,$31.95M,Micro-Cap,3.46,34.643,-76.15,1,1,0,0,100.0,0.0,-100.0,-100.0,-100.0,0.0,34.643,7.19,0:15:00,1034.643
IMX/USDT,0.650055,$1.26B,$44.04M,Mid-Cap,3.28,32.777,-62.73,3,3,0,0,100.0,0.0,0.409,-100.0,-100.0,0.0,10.926,6.8,1:18:00,1032.777
UNI/USDT,9.43,$5.66B,$583.89M,Mid-Cap,3.24,32.39,-44.39,1,1,0,0,100.0,0.0,-100.0,-100.0,-100.0,0.0,32.39,6.72,0:05:00,1032.39
ARB/USDT,0.517002,$2.74B,$283.38M,Mid-Cap,3.08,30.85,-49.46,1,1,0,0,100.0,0.0,-100.0,-100.0,-100.0,0.0,30.85,6.39,0:10:00,1030.85
ENS/USDT,23.81,$790.15M,$57.47M,Small-Cap,3.04,30.448,-41.73,1,1,0,0,100.0,0.0,-100.0,-100.0,-100.0,0.0,30.448,6.31,0:10:00,1030.448
DOT/USDT,4.34,$6.61B,$271.19M,Mid-Cap,2.99,29.876,-46.97,1,1,0,0,100.0,0.0,-100.0,-100.0,-100.0,0.0,29.876,6.19,0:10:00,1029.876
BCH/USDT,594.51,$11.85B,$333.64M,Large-Cap,2.95,29.544,14.89,1,1,0,0,100.0,0.0,-100.0,-100.0,-100.0,0.0,29.544,6.12,0:10:00,1029.544
RENDER/USDT,3.9,$2.02B,$63.65M,Mid-Cap,2.85,28.507,-50.35,1,1,0,0,100.0,0.0,-100.0,-100.0,-100.0,0.0,28.507,5.9,0:15:00,1028.507
ACE/USDT,0.678234,$50.85M,$109.75M,Micro-Cap,2.8,28.019,-74.08,2,2,0,0,100.0,0.0,0.342,-100.0,-100.0,0.0,14.009,5.8,1:20:00,1028.019
ALGO/USDT,0.240975,$2.11B,$94.50M,Mid-Cap,2.44,24.374,-45.08,2,2,0,0,100.0,0.0,0.847,-100.0,-100.0,0.0,12.187,5.03,0:25:00,1024.374
BB/USDT,0.157725,$64.40M,$21.85M,Micro-Cap,2.39,23.946,-79.79,2,2,0,0,100.0,0.0,0.689,-100.0,-100.0,0.0,11.973,4.94,0:32:00,1023.946
PYTH/USDT,0.167167,$961.12M,$76.48M,Small-Cap,2.38,23.821,-68.68,2,2,0,0,100.0,0.0,0.348,-100.0,-100.0,0.0,11.91,4.92,0:48:00,1023.821
RESOLV/USDT,0.157249,$45.29M,$13.31M,Micro-Cap,2.35,23.546,-58.91,5,3,2,0,60.0,2.96,0.958,2.981,84.554,1.538,4.709,60.31,1:32:00,1023.546
ZK/USDT,0.05997,$433.54M,$13.74M,Small-Cap,2.33,23.321,-72.66,2,2,0,0,100.0,0.0,1.499,-100.0,-100.0,0.0,11.66,4.81,0:45:00,1023.321
WLD/USDT,1.6,$3.24B,$775.15M,Mid-Cap,2.31,23.144,-55.72,7,5,2,0,71.43,2.71,0.144,0.28,9.13,1.615,3.306,4.78,1:38:00,1023.144
ZRO/USDT,2.0,$221.99M,$29.32M,Small-Cap,2.25,22.534,-60.32,3,2,1,0,66.67,1.09,0.129,-100.0,22.039,2.997,7.511,4.65,1:05:00,1022.534
AVAX/USDT,29.65,$12.52B,$892.88M,Large-Cap,2.18,21.762,-47.63,1,1,0,0,100.0,0.0,-100.0,-100.0,-100.0,0.0,21.762,4.49,0:15:00,1021.762
HFT/USDT,0.091561,$55.16M,$14.38M,Micro-Cap,1.84,18.442,-65.59,1,1,0,0,100.0,0.0,-100.0,-100.0,-100.0,0.0,18.442,3.8,0:20:00,1018.442
KAVA/USDT,0.360759,$390.52M,$15.47M,Small-Cap,1.44,14.428,-9.38,1,1,0,0,100.0,0.0,-100.0,-100.0,-100.0,0.0,14.428,2.96,0:30:00,1014.428
APT/USDT,4.54,$3.18B,$539.10M,Mid-Cap,1.41,14.127,-43.34,1,1,0,0,100.0,0.0,-100.0,-100.0,-100.0,0.0,14.127,2.9,2:25:00,1014.127
OP/USDT,0.788579,$1.40B,$147.76M,Mid-Cap,1.24,12.418,-65.75,1,1,0,0,100.0,0.0,-100.0,-100.0,-100.0,0.0,12.418,2.55,0:35:00,1012.418
XTZ/USDT,0.769565,$814.28M,$29.10M,Small-Cap,1.02,10.163,-57.28,1,1,0,0,100.0,0.0,-100.0,-100.0,-100.0,0.0,10.163,2.08,0:20:00,1010.163
VIRTUAL/USDT,1.27,$834.26M,$106.73M,Small-Cap,0.89,8.938,209.42,5,3,2,0,60.0,0.7,0.277,16.14,30.754,1.648,1.788,4.2,1:21:00,1008.938
KAIA/USDT,0.157554,$923.47M,$22.68M,Small-Cap,0.85,8.494,-15.43,2,2,0,0,100.0,0.0,0.38,-100.0,-100.0,0.0,4.247,1.74,1:42:00,1008.494
QTUM/USDT,2.51,$265.98M,$27.15M,Small-Cap,0.74,7.396,-33.0,4,2,2,0,50.0,2.0,0.035,1.462,3.95,1.19,1.849,1.51,5:38:00,1007.396
HBAR/USDT,0.240266,$10.18B,$213.60M,Large-Cap,0.73,7.306,-43.3,1,1,0,0,100.0,0.0,-100.0,-100.0,-100.0,0.0,7.306,1.5,0:30:00,1007.306
INJ/USDT,14.14,$1.38B,$90.17M,Mid-Cap,0.71,7.086,-41.97,1,1,0,0,100.0,0.0,-100.0,-100.0,-100.0,0.0,7.086,1.45,0:40:00,1007.086
KMNO/USDT,0.064685,$180.68M,$22.95M,Small-Cap,0.71,7.146,-18.39,5,3,2,0,60.0,2.69,0.161,0.509,9.403,1.264,1.429,4.93,12:37:00,1007.146
CFX/USDT,0.176136,$904.92M,$57.43M,Small-Cap,0.53,5.318,-51.3,3,1,2,0,33.33,0.71,0.046,3.058,7.97,1.378,1.773,1.09,1:35:00,1005.318
ATOM/USDT,4.66,$2.18B,$86.50M,Mid-Cap,0.42,4.157,-32.38,1,1,0,0,100.0,0.0,-100.0,-100.0,-100.0,0.0,4.157,0.85,0:30:00,1004.157
KSM/USDT,15.91,$270.75M,$16.51M,Small-Cap,0.32,3.216,-58.47,1,1,0,0,100.0,0.0,-100.0,-100.0,-100.0,0.0,3.216,0.66,0:40:00,1003.216
SUI/USDT,3.71,$13.22B,$1.09B,Large-Cap,0.23,2.344,-30.38,3,1,2,0,33.33,2.28,0.014,0.049,1.099,1.1,0.781,0.48,1:52:00,1002.344
TRX/USDT,0.348327,$32.96B,$557.25M,Large-Cap,0.0,0.0,8.41,0,0,0,0,0.0,0.0,0.0,0.0,0.0,0.0,0.0,0.0,0:00,1000.0
POL/USDT,0.27315,$2.87B,$102.89M,Mid-Cap,0.0,0.0,-59.48,0,0,0,0,0.0,0.0,0.0,0.0,0.0,0.0,0.0,0.0,0:00,1000.0
WBTC/USDT,115704.0,$14.72B,$110.35M,Large-Cap,0.0,0.0,15.45,0,0,0,0,0.0,0.0,0.0,0.0,0.0,0.0,0.0,0.0,0:00,1000.0
LINK/USDT,24.24,$16.43B,$700.49M,Large-Cap,0.0,0.0,-31.64,0,0,0,0,0.0,0.0,0.0,0.0,0.0,0.0,0.0,0.0,0:00,1000.0
AXS/USDT,2.54,$424.66M,$54.61M,Small-Cap,0.0,0.0,-62.72,0,0,0,0,0.0,0.0,0.0,0.0,0.0,0.0,0.0,0.0,0:00,1000.0
A/USDT,0.483032,$768.44M,$65.61M,Small-Cap,0.0,0.0,-33.55,0,0,0,0,0.0,0.0,0.0,0.0,0.0,0.0,0.0,0.0,0:00,1000.0
AAVE/USDT,309.35,$4.71B,$310.23M,Mid-Cap,0.0,0.0,-10.82,0,0,0,0,0.0,0.0,0.0,0.0,0.0,0.0,0.0,0.0,0:00,1000.0
FET/USDT,0.659942,$1.72B,$59.61M,Mid-Cap,0.0,0.0,-44.34,0,0,0,0,0.0,0.0,0.0,0.0,0.0,0.0,0.0,0.0,0:00,1000.0
LTC/USDT,115.33,$8.80B,$699.46M,Mid-Cap,0.0,0.0,-16.34,0,0,0,0,0.0,0.0,0.0,0.0,0.0,0.0,0.0,0.0,0:00,1000.0
TAO/USDT,351.86,$3.37B,$60.15M,Mid-Cap,0.0,0.0,-22.19,0,0,0,0,0.0,0.0,0.0,0.0,0.0,0.0,0.0,0.0,0:00,1000.0
MANA/USDT,0.349048,$670.04M,$75.57M,Small-Cap,0.0,0.0,-43.97,0,0,0,0,0.0,0.0,0.0,0.0,0.0,0.0,0.0,0.0,0:00,1000.0
RLC/USDT,1.26,$91.22M,$18.90M,Micro-Cap,0.0,0.0,-56.43,0,0,0,0,0.0,0.0,0.0,0.0,0.0,0.0,0.0,0.0,0:00,1000.0
STX/USDT,0.668775,$1.20B,$28.67M,Mid-Cap,0.0,0.0,-55.22,0,0,0,0,0.0,0.0,0.0,0.0,0.0,0.0,0.0,0.0,0:00,1000.0
BTC/USDT,115795.0,$2.31T,$25.17B,Large-Cap,0.0,0.0,15.29,0,0,0,0,0.0,0.0,0.0,0.0,0.0,0.0,0.0,0.0,0:00,1000.0
SHIB/USDT,1.372e-05,$8.08B,$295.17M,Mid-Cap,0.0,0.0,-44.48,0,0,0,0,0.0,0.0,0.0,0.0,0.0,0.0,0.0,0.0,0:00,1000.0
RONIN/USDT,no data,no data,no data,no data,0.0,0.0,-76.98,0,0,0,0,0.0,0.0,0.0,0.0,0.0,0.0,0.0,0.0,0:00,1000.0
GRT/USDT,0.096603,$1.01B,$30.42M,Mid-Cap,0.0,0.0,-56.36,0,0,0,0,0.0,0.0,0.0,0.0,0.0,0.0,0.0,0.0,0:00,1000.0
AWE/USDT,0.07247,$140.14M,$101.29M,Small-Cap,0.0,0.0,-13.26,0,0,0,0,0.0,0.0,0.0,0.0,0.0,0.0,0.0,0.0,0:00,1000.0
ETH/USDT,4622.43,$557.91B,$23.33B,Large-Cap,0.0,0.0,-25.41,0,0,0,0,0.0,0.0,0.0,0.0,0.0,0.0,0.0,0.0,0:00,1000.0
ILV/USDT,14.97,$141.72M,$12.08M,Small-Cap,0.0,0.0,-71.97,0,0,0,0,0.0,0.0,0.0,0.0,0.0,0.0,0.0,0.0,0:00,1000.0
ETC/USDT,21.15,$3.25B,$114.89M,Mid-Cap,0.0,0.0,-32.75,0,0,0,0,0.0,0.0,0.0,0.0,0.0,0.0,0.0,0.0,0:00,1000.0
MINA/USDT,0.19082,$239.06M,$9.97M,Small-Cap,0.0,0.0,-68.69,0,0,0,0,0.0,0.0,0.0,0.0,0.0,0.0,0.0,0.0,0:00,1000.0
SAND/USDT,0.309728,$757.62M,$73.81M,Small-Cap,0.0,0.0,-54.19,0,0,0,0,0.0,0.0,0.0,0.0,0.0,0.0,0.0,0.0,0:00,1000.0
JTO/USDT,1.94,$732.97M,$74.10M,Small-Cap,-0.1,-0.997,-32.86,3,2,1,0,66.67,0.97,-0.015,-100.0,-1.1,0.898,-0.332,-0.2,1:18:00,999.003
XLM/USDT,0.389615,$12.40B,$226.18M,Large-Cap,-0.25,-2.513,-29.2,2,1,1,0,50.0,2.57,-0.011,-100.0,-1.044,0.904,-1.256,-0.51,2:50:00,997.487
BIO/USDT,0.17437,$330.83M,$222.28M,Small-Cap,-0.99,-9.884,-92.61,15,5,10,0,33.33,8.31,-0.049,-0.112,-1.284,0.934,-0.659,-2.03,5:48:00,990.116
BEAMX/USDT,no data,no data,no data,no data,-1.01,-10.075,-76.83,6,4,2,0,66.67,4.89,-0.055,-0.385,-2.197,0.802,-1.679,-2.04,1:46:00,989.925
ALICE/USDT,0.3857,$35.52M,$24.73M,Micro-Cap,-1.07,-10.658,-64.73,2,1,1,0,50.0,2.29,-0.064,-100.0,-4.96,0.541,-5.329,-2.16,1:58:00,989.342
LDO/USDT,1.24,$1.11B,$84.09M,Mid-Cap,-1.36,-13.632,-56.16,4,2,2,0,50.0,4.18,-0.07,-0.213,-3.483,0.676,-3.408,-2.76,4:31:00,986.368
PEPE/USDT,1.156e-05,$4.86B,$896.87M,Mid-Cap,-1.54,-15.356,-49.22,4,2,2,0,50.0,2.5,-0.075,-0.999,-6.555,0.671,-3.839,-3.11,2:35:00,984.644
NEO/USDT,6.77,$477.09M,$15.89M,Small-Cap,-1.75,-17.519,-58.22,3,1,2,0,33.33,3.43,-0.097,-0.148,-5.457,0.497,-5.84,-3.54,2:22:00,982.481
IOTA/USDT,0.193962,$779.41M,$14.89M,Small-Cap,-2.14,-21.439,-42.95,2,1,1,0,50.0,2.96,-0.12,-100.0,-7.732,0.282,-10.719,-4.32,2:30:00,978.561
TON/USDT,3.19,$8.18B,$126.36M,Mid-Cap,-2.31,-23.119,-47.56,2,1,1,0,50.0,2.9,-0.142,-100.0,-8.523,0.201,-11.559,-4.66,2:42:00,976.881
SEI/USDT,0.333282,$2.00B,$133.19M,Mid-Cap,-2.42,-24.159,-25.49,1,0,1,0,0.0,0.0,-100.0,-100.0,-100.0,0.0,-24.159,-4.86,2:10:00,975.841
IOTX/USDT,0.02759124,$260.52M,$8.70M,Small-Cap,-2.42,-24.21,-44.02,3,1,2,0,33.33,3.58,-0.164,-0.309,-7.218,0.332,-8.07,-4.87,2:55:00,975.79
PENDLE/USDT,5.05,$851.58M,$49.95M,Small-Cap,-2.78,-27.815,-24.71,1,0,1,0,0.0,0.0,-100.0,-100.0,-100.0,0.0,-27.815,-5.59,"2 days, 15:10:00",972.185
CTSI/USDT,0.088344,$78.28M,$36.57M,Micro-Cap,-2.82,-28.157,-59.84,1,0,1,0,0.0,0.0,-100.0,-100.0,-100.0,0.0,-28.157,-5.66,9:55:00,971.843
SXT/USDT,0.081563,$0.00,$11.37M,Micro-Cap,-2.96,-29.589,-49.68,8,5,3,0,62.5,5.42,-0.834,-1.525,-20.045,0.469,-3.699,-19.01,1:43:00,970.411
SKL/USDT,0.02785331,$166.26M,$17.51M,Small-Cap,-3.35,-33.451,-59.69,7,3,4,0,42.86,8.08,-0.173,-0.761,-4.42,0.586,-4.779,-6.7,5:16:00,966.549
PROM/USDT,9.35,$170.62M,$8.07M,Small-Cap,-4.38,-43.817,-8.38,12,10,2,0,83.33,24.92,-0.057,-0.034,-1.877,0.84,-3.651,-8.73,6:06:00,956.183
HYPER/USDT,0.322398,$56.56M,$21.81M,Micro-Cap,-4.69,-46.922,-58.79,9,4,5,0,44.44,5.75,-0.722,-2.406,-22.938,0.535,-5.214,-22.74,1:52:00,953.078
CRV/USDT,0.796349,$1.12B,$103.79M,Mid-Cap,-5.05,-50.521,-41.04,2,0,2,0,0.0,5.05,-2.776,-2.776,-10.673,0.0,-25.26,-10.03,5:32:00,949.479
CETUS/USDT,0.094698,$80.14M,$15.40M,Micro-Cap,-7.98,-79.766,-66.85,12,11,1,0,91.67,24.92,-0.103,-100.0,-3.416,0.714,-6.647,-15.59,0:34:00,920.234
SOLV/USDT,0.04180769,$61.97M,$12.32M,Micro-Cap,-10.54,-105.446,-67.85,24,17,7,0,70.83,24.92,-0.197,-0.129,-4.959,0.739,-4.394,-22.08,6:59:00,894.554
ORCA/USDT,2.38,$143.29M,$30.32M,Small-Cap,-11.34,-113.385,-48.7,24,15,9,0,62.5,25.77,-0.209,-0.159,-4.697,0.712,-4.724,-21.76,2:04:00,886.615
HEI/USDT,0.473178,$37.83M,$29.56M,Micro-Cap,-11.4,-114.015,-75.32,9,8,1,0,88.89,24.92,-0.189,-100.0,-6.427,0.544,-12.668,-27.74,1:37:00,885.985
FIS/USDT,0.12614,$19.53M,$16.82M,Micro-Cap,-13.13,-131.292,-82.04,11,9,2,0,81.82,24.91,-0.169,-0.11,-5.625,0.538,-11.936,-24.95,1:30:00,868.708
WIF/USDT,0.933092,$932.38M,$190.41M,Small-Cap,-13.92,-139.21,-53.98,13,10,3,0,76.92,24.9,-0.205,-0.128,-5.968,0.507,-10.708,-26.34,1:57:00,860.79
NIL/USDT,0.320324,$62.52M,$11.89M,Micro-Cap,-19.16,-191.559,-56.4,14,9,5,0,64.29,27.38,-0.521,-0.364,-13.778,0.382,-13.683,-55.07,4:40:00,808.441
NXPC/USDT,0.720495,$0.00,$33.26M,Micro-Cap,-19.55,-195.529,-74.87,6,4,2,0,66.67,24.92,-0.829,-0.65,-33.31,0.236,-32.588,-82.88,1:31:00,804.471
SAHARA/USDT,0.091965,$203.34M,$28.58M,Small-Cap,-20.58,-205.833,-14.87,5,4,1,0,80.0,24.92,-12.576,-100.0,-526.077,0.174,-41.167,-100.0,3:14:00,794.167
XRP/USDT,3.04,$181.10B,$4.58B,Large-Cap,-20.74,-207.404,4.73,4,3,1,0,75.0,24.92,-0.184,-100.0,-8.884,0.198,-51.851,-37.75,0:40:00,792.596
BONK/USDT,2.481e-05,$1.92B,$343.85M,Mid-Cap,-21.3,-213.049,-50.77,10,6,4,0,60.0,24.9,-0.29,-0.225,-9.131,0.302,-21.305,-38.65,18:00:00,786.951
ALT/USDT,0.03432639,$145.23M,$19.16M,Small-Cap,-23.1,-230.987,-74.96,4,2,2,0,50.0,24.92,-0.215,-0.199,-9.892,0.121,-57.747,-41.47,6:48:00,769.013
COMP/USDT,45.18,$427.32M,$32.60M,Small-Cap,-23.61,-236.068,-36.79,3,2,1,0,66.67,24.92,-0.207,-100.0,-10.11,0.06,-78.689,-42.25,"1 day, 22:53:00",763.932
ZRX/USDT,0.27491,$232.96M,$21.50M,Small-Cap,-24.9,-248.966,-50.91,1,0,1,0,0.0,0.0,-100.0,-100.0,-100.0,0.0,-248.966,-44.22,"9 days, 14:35:00",751.034
S/USDT,0.307382,$1.16B,$100.59M,Mid-Cap,-27.02,-270.184,-58.86,5,2,3,0,40.0,27.73,-0.318,-0.281,-11.351,0.035,-54.037,-50.39,5:36:00,729.816
PEOPLE/USDT,0.02154423,$109.26M,$31.27M,Small-Cap,-27.53,-275.303,-59.57,19,11,8,0,57.89,30.78,-0.489,-0.373,-9.548,0.3,-14.49,-48.14,7:41:00,724.697
LPT/USDT,7.03,$312.15M,$19.60M,Small-Cap,-29.39,-293.925,-55.87,15,11,4,0,73.33,44.52,-0.304,-0.26,-7.047,0.517,-19.595,-50.82,6:17:00,706.075
PNUT/USDT,0.251245,$251.36M,$77.49M,Small-Cap,-31.21,-312.052,-66.46,33,21,12,0,63.64,41.12,-0.589,-0.427,-8.1,0.482,-9.456,-53.36,4:20:00,687.948
KERNEL/USDT,0.198049,$44.09M,$12.43M,Micro-Cap,-32.17,-321.737,-69.35,15,11,4,0,73.33,41.89,-0.977,-0.714,-19.309,0.314,-21.449,-84.5,10:39:00,678.263
PARTI/USDT,0.181314,$42.25M,$15.34M,Micro-Cap,-33.8,-338.05,-40.82,16,11,5,0,68.75,42.8,-0.741,-0.595,-15.718,0.415,-21.128,-79.17,"1 day, 16:42:00",661.95
PENGU/USDT,0.03488691,$2.19B,$299.85M,Mid-Cap,-34.92,-349.241,-59.56,18,12,6,0,66.67,41.3,-0.449,-0.341,-9.026,0.381,-19.402,-58.36,12:31:00,650.759
BMT/USDT,0.074086,$18.93M,$32.72M,Micro-Cap,-36.27,-362.712,-45.23,23,16,7,0,69.57,40.03,-1.008,-0.694,-16.808,0.31,-15.77,-79.74,3:07:00,637.288
AIXBT/USDT,0.119295,$117.03M,$23.20M,Small-Cap,-38.16,-381.582,-73.85,37,23,14,0,62.16,45.07,-0.816,-0.608,-9.514,0.415,-10.313,-64.37,7:51:00,618.418
BERA/USDT,2.42,$304.23M,$51.59M,Small-Cap,-40.39,-403.883,-86.03,12,7,5,0,58.33,40.45,-0.621,-0.521,-13.34,0.182,-33.657,-73.3,1:05:00,596.117
TUT/USDT,0.068929,$57.75M,$6.79M,Micro-Cap,-46.1,-461.005,35.34,23,15,8,0,65.22,52.58,-1.198,-0.91,-17.821,0.333,-20.044,-90.93,7:12:00,538.995
LAYER/USDT,0.552859,$116.02M,$14.95M,Small-Cap,-62.07,-620.721,-20.51,22,12,10,0,54.55,68.1,-0.975,-0.851,-12.618,0.286,-28.215,-92.3,5:38:00,379.279
